"3Sum Closest", "28.3%", "Medium"
"3Sum", "18.1%", "Medium"
"4Sum", "23.0%", "Medium"
"4Sum II", "44.9%", "Medium"
"Add and Search Word - Data structure design", "20.3%", "Medium"
"Add Binary", "26.4%", "Easy"
"Add Digits", "48.0%", "Easy"
"Add Two Numbers", "22.1%", "Medium"
"Add Two Numbers II", "46.0%", "Medium"
"Additive Number", "24.5%", "Medium"
"Balanced Binary Tree", "33.3%", "Easy"
"Basic Calculator", "20.8%", "Medium"
"Basic Calculator II", "23.5%", "Medium"
"Battleships in a Board", "60.5%", "Medium"
"Beautiful Arrangement", "51.2%", "Medium"
"Best Time to Buy and Sell Stock", "35.1%", "Medium"
"Best Time to Buy and Sell Stock II", "41.2%", "Medium"
"Best Time to Buy and Sell Stock III", "25.6%", "Hard"
"Best Time to Buy and Sell Stock IV", "21.2%", "Hard"
"Best Time to Buy and Sell Stock with Cooldown", "35.3%", "Medium"
"Binary Search Tree Iterator", "33.1%", "Medium"
"Binary Tree Inorder Traversal", "38.6%", "Medium"
"Binary Tree Level Order Traversal II", "33.0%", "Easy"
"Binary Tree Level Order Traversal", "31.6%", "Easy"
"Binary Tree Maximum Path Sum", "22.8%", "Hard"
"Binary Tree Paths", "26.8%", "Easy"
"Binary Tree Postorder Traversal", "34.5%", "Hard"
"Binary Tree Preorder Traversal", "38.7%", "Medium"
"Binary Tree Right Side View", "32.6%", "Medium"
"Binary Tree Zigzag Level Order Traversal", "27.9%", "Medium"
"Bitwise AND of Numbers Range", "29.1%", "Medium"
"Bulb Switcher", "39.4%", "Medium"
"Bulls and Cows", "28.3%", "Easy"
"Burst Balloons", "33.7%", "Hard"
"Candy", "21.8%", "Hard"
"Climbing Stairs", "36.0%", "Easy"
"Clone Graph", "24.7%", "Medium"
"Coin Change", "24.7%", "Medium"
"Combination Sum", "29.9%", "Medium"
"Combination Sum II", "26.8%", "Medium"
"Combination Sum III", "34.0%", "Medium"
"Combination Sum IV", "38.9%", "Medium"
"Combinations", "33.2%", "Medium"
"Compare Version Numbers", "16.8%", "Easy"
"Construct Binary Tree from Inorder and Postorder Traversal", "28.4%", "Medium"
"Construct Binary Tree from Preorder and Inorder Traversal", "27.8%", "Medium"
"Container With Most Water", "33.7%", "Medium"
"Contains Duplicate", "40.1%", "Easy"
"Contains Duplicate II", "28.9%", "Easy"
"Contains Duplicate III", "18.0%", "Medium"
"Convert Sorted Array to Binary Search Tree", "36.2%", "Medium"
"Convert Sorted List to Binary Search Tree", "29.7%", "Medium"
"Copy List with Random Pointer", "25.9%", "Hard"
"Count and Say", "27.8%", "Easy"
"Count Complete Tree Nodes", "23.9%", "Medium"
"Count Numbers with Unique Digits", "42.6%", "Medium"
"Count of Range Sum", "24.3%", "Hard"
"Count of Smaller Numbers After Self", "28.5%", "Hard"
"Count Primes", "23.2%", "Easy"
"Counting Bits", "57.8%", "Medium"
"Course Schedule", "25.7%", "Medium"
"Course Schedule II", "20.7%", "Medium"
"Create Maximum Number", "19.2%", "Hard"
"Data Stream as Disjoint Intervals", "32.8%", "Hard"
"Decode Ways", "17.1%", "Medium"
"Delete Node in a Linked List", "43.8%", "Easy"
"Design Twitter", "28.4%", "Hard"
"Detect Capital", "54.3%", "Easy"
"Diagonal Traverse", "46.4%", "Medium"
"Different Ways to Add Parentheses", "32.6%", "Medium"
"Distinct Subsequences", "28.2%", "Hard"
"Divide Two Integers", "15.4%", "Medium"
"Dungeon Game", "20.1%", "Hard"
"Edit Distance", "27.9%", "Hard"
"Evaluate Reverse Polish Notation", "22.9%", "Medium"
"Excel Sheet Column Number", "40.1%", "Easy"
"Excel Sheet Column Title", "20.6%", "Easy"
"Expression Add Operators", "23.1%", "Hard"
"Factorial Trailing Zeroes", "31.6%", "Easy"
"Find All Duplicates in an Array", "51.2%", "Medium"
"Find Bottom Left Tree Value", "55.4%", "Medium"
"Find K Pairs with Smallest Sums", "26.5%", "Medium"
"Find Largest Value in Each Tree Row", "52.8%", "Medium"
"Find Median from Data Stream", "21.2%", "Hard"
"Find Minimum in Rotated Sorted Array", "35.4%", "Medium"
"Find Minimum in Rotated Sorted Array II", "33.7%", "Hard"
"Find Peak Element", "32.7%", "Medium"
"Find the Duplicate Number", "37.5%", "Hard"
"First Bad Version", "21.8%", "Easy"
"First Missing Positive", "23.5%", "Hard"
"Fizz Buzz", "58.2%", "Easy"
"Flatten Binary Tree to Linked List", "30.3%", "Medium"
"Flatten Nested List Iterator", "17.5%", "Medium"
"Fraction to Recurring Decimal", "14.5%", "Medium"
"Game of Life", "33.3%", "Medium"
"Gas Station", "26.8%", "Medium"
"Generate Parentheses", "35.5%", "Medium"
"Gray Code", "35.2%", "Medium"
"Group Anagrams", "26.3%", "Medium"
"Guess Number Higher or Lower", "31.7%", "Easy"
"Guess Number Higher or Lower II", "27.5%", "", "Medium"
"H-Index", "28.5%", "Medium"
"H-Index II", "32.2%", "Medium"
"Hamming Distance", "71.6%", "Easy"
"Happy Number", "35.5%", "Easy"
"House Robber", "33.0%", "Easy"
"House Robber II", "29.5%", "Medium"
"House Robber III", "37.4%", "Medium"
"Implement Queue using Stacks", "33.9%", "Easy"
"Implement Stack using Queues", "30.4%", "Easy"
"Implement strStr()", "24.1%", "Easy"
"Implement Trie (Prefix Tree)", "25.1%", "Medium"
"Increasing Triplet Subsequence ", "33.2%", "Medium"
"Insert Delete GetRandom O(1) - Duplicates allowed", "30.8%", "", "Hard"
"Insert Delete GetRandom O(1)", "34.5%", "", "Hard"
"Insert Interval", "23.1%", "Hard"
"Insertion Sort List", "28.5%", "Medium"
"Integer Break", "40.7%", "Medium"
"Integer to English Words", "17.9%", "Medium"
"Integer to Roman", "37.2%", "Medium"
"Interleaving String", "22.0%", "Hard"
"Intersection of Two Arrays", "47.2%", "Easy"
"Intersection of Two Arrays II", "43.0%", "Easy"
"Intersection of Two Linked Lists", "30.0%", "Easy"
"Invert Binary Tree", "43.5%", "Easy"
"Is Subsequence", "44.2%", "Medium"
"Island Perimeter", "56.3%", "Easy"
"Isomorphic Strings", "28.4%", "Easy"
"Jump Game", "27.8%", "Medium"
"Jump Game II", "24.9%", "Hard"
"Kth Largest Element in an Array", "31.5%", "Medium"
"Kth Smallest Element in a BST", "35.7%", "Medium"
"Kth Smallest Element in a Sorted Matrix", "40.8%", "", "Medium"
"Largest Divisible Subset", "29.9%", "", "Medium"
"Largest Number", "18.1%", "Medium"
"Largest Rectangle in Histogram", "23.6%", "Hard"
"Length of Last Word", "28.6%", "Easy"
"Letter Combinations of a Phone Number", "27.6%", "Medium"
"Linked List Cycle", "36.8%", "Medium"
"Linked List Cycle II", "31.5%", "Medium"
"Linked List Random Node", "47.3%", "", "Medium"
"Longest Common Prefix", "27.2%", "Easy"
"Longest Consecutive Sequence", "31.3%", "Hard"
"Longest Increasing Path in a Matrix", "29.6%", "Medium"
"Longest Increasing Subsequence", "33.2%", "Medium"
"Longest Palindromic Substring", "22.3%", "Medium"
"Longest Substring Without Repeating Characters", "21.4%", "Medium"
"Longest Valid Parentheses", "22.0%", "Hard"
"Lowest Common Ancestor of a Binary Search Tree", "38.0%", "Easy"
"Lowest Common Ancestor of a Binary Tree", "28.5%", "Medium"
"LRU Cache", "15.7%", "Hard"
"Majority Element", "39.6%", "Easy"
"Majority Element II", "25.0%", "Medium"
"Max Consecutive Ones", "56.3%", "Easy"
"Max Points on a Line", "13.9%", "Hard"
"Max Sum of Rectangle No Larger Than K", "28.5%", "", "Hard"
"Maximal Rectangle", "23.0%", "Hard"
"Maximal Square", "22.6%", "Medium"
"Maximum Depth of Binary Tree", "47.1%", "Easy"
"Maximum Gap", "26.0%", "Hard"
"Maximum Product of Word Lengths", "38.8%", "Medium"
"Maximum Product Subarray", "21.4%", "Medium"
"Maximum Subarray", "36.0%", "Medium"
"Median of Two Sorted Arrays", "18.1%", "Hard"
"Merge Intervals", "24.4%", "Hard"
"Merge k Sorted Lists", "22.6%", "Hard"
"Merge Sorted Array", "29.7%", "Easy"
"Merge Two Sorted Lists", "34.5%", "Easy"
"Min Stack", "21.4%", "Easy"
"Minesweeper", "51.4%", "Medium"
"Mini Parser", "27.6%", "", "Medium"
"Minimum Depth of Binary Tree", "30.1%", "Easy"
"Minimum Height Trees", "25.7%", "Medium"
"Minimum Moves to Equal Array Elements II", "51.1%", "Medium"
"Minimum Path Sum", "34.0%", "Medium"
"Minimum Size Subarray Sum", "26.0%", "Medium"
"Minimum Window Substring", "20.5%", "Hard"
"Missing Number", "38.9%", "Medium"
"Most Frequent Subtree Sum", "51.9%", "Medium"
"Most Frequent Subtree Sum", "52.0%", "Medium"
"Move Zeroes", "43.2%", "Easy"
"Multiply Strings", "22.6%", "Medium"
"N-Queens", "26.2%", "Hard"
"N-Queens II", "38.3%", "Hard"
"Next Permutation", "25.9%", "Medium"
"Nim Game", "51.1%", "Easy"
"Number of 1 Bits", "37.7%", "Easy"
"Number of Digit One", "23.6%", "Medium"
"Number of Islands", "26.4%", "Medium"
"Odd Even Linked List", "37.8%", "Easy"
"Palindrome Linked List", "26.6%", "Easy"
"Palindrome Number", "30.7%", "Easy"
"Palindrome Pairs", "18.1%", "Hard"
"Palindrome Partitioning II", "21.2%", "Hard"
"Palindrome Partitioning", "27.4%", "Medium"
"Partition List", "28.8%", "Medium"
"Pascal's Triangle", "32.3%", "Easy"
"Pascal's Triangle II", "31.3%", "Easy"
"Patching Array", "27.3%", "Medium"
"Path Sum", "30.7%", "Easy"
"Path Sum II", "27.7%", "Medium"
"Peeking Iterator", "32.8%", "Medium"
"Perfect Squares", "31.2%", "Medium"
"Permutation Sequence", "24.4%", "Medium"
"Permutations", "34.5%", "Medium"
"Permutations II", "27.3%", "Medium"
"Plus One", "32.5%", "Easy"
"Populating Next Right Pointers in Each Node", "36.4%", "Medium"
"Populating Next Right Pointers in Each Node II", "32.6%", "Hard"
"Pow(x, n)", "27.8%", "Medium"
"Power of Four", "33.4%", "Easy"
"Power of Three", "35.4%", "Easy"
"Power of Two", "34.8%", "Easy"
"Product of Array Except Self", "41.1%", "Medium"
"Range Sum Query - Immutable", "24.2%", "Easy"
"Range Sum Query - Mutable", "16.7%", "Medium"
"Range Sum Query 2D - Immutable", "21.6%", "Medium"
"Ransom Note", "45.7%", "Easy"
"Reconstruct Itinerary", "23.4%", "Medium"
"Recover Binary Search Tree", "25.8%", "Hard"
"Rectangle Area", "29.0%", "Easy"
"Regular Expression Matching", "21.5%", "Hard"
"Remove Duplicate Letters", "23.4%", "Medium"
"Remove Duplicates from Sorted Array", "32.7%", "Easy"
"Remove Duplicates from Sorted Array II", "31.9%", "Medium"
"Remove Duplicates from Sorted List", "36.0%", "Easy"
"Remove Duplicates from Sorted List II", "26.3%", "Medium"
"Remove Element", "32.9%", "Easy"
"Remove Invalid Parentheses", "30.7%", "Hard"
"Remove Linked List Elements", "27.7%", "Easy"
"Remove Nth Node From End of List", "28.6%", "Easy"
"Reorder List", "22.2%", "Medium"
"Repeated DNA Sequences", "23.8%", "Medium"
"Restore IP Addresses", "22.7%", "Medium"
"Reverse Bits", "29.1%", "Easy"
"Reverse Integer", "23.5%", "Easy"
"Reverse Linked List", "37.8%", "Easy"
"Reverse Linked List II", "27.2%", "Medium"
"Reverse Nodes in k-Group", "26.8%", "Hard"
"Reverse String", "59.9%", "Easy"
"Reverse Vowels of a String", "35.9%", "Easy"
"Reverse Words in a String", "15.6%", "Medium"
"Roman to Integer", "37.7%", "Easy"
"Rotate Array", "20.3%", "Easy"
"Rotate Image", "33.8%", "Medium"
"Rotate List", "22.5%", "Medium"
"Russian Doll Envelopes", "27.7%", "Hard"
"Same Tree", "42.7%", "Easy"
"Scramble String", "26.0%", "Hard"
"Search a 2D Matrix", "33.1%", "Medium"
"Search a 2D Matrix II", "32.8%", "Medium"
"Search for a Range", "28.5%", "Medium"
"Search in Rotated Sorted Array", "29.8%", "Hard"
"Search in Rotated Sorted Array II", "31.6%", "Medium"
"Search Insert Position", "36.7%", "Medium"
"Self Crossing", "17.5%", "Medium"
"Serialize and Deserialize Binary Tree", "26.3%", "Medium"
"Set Matrix Zeroes", "32.8%", "Medium"
"Shortest Palindrome", "18.8%", "Hard"
"Shuffle an Array", "45.5%", "", "Medium"
"Simplify Path", "21.3%", "Medium"
"Single Number", "48.4%", "Medium"
"Single Number II", "36.8%", "Medium"
"Single Number III", "42.3%", "Medium"
"Sliding Window Maximum", "25.9%", "Hard"
"Sort Characters By Frequency", "50.2%", "Medium"
"Sort Colors", "34.0%", "Medium"
"Sort List", "24.0%", "Medium"
"Spiral Matrix", "21.9%", "Medium"
"Spiral Matrix II", "33.9%", "Medium"
"Sqrt(x)", "24.7%", "Medium"
"String to Integer (atoi)", "13.3%", "Easy"
"Subsets", "30.3%", "Medium"
"Subsets II", "29.6%", "Medium"
"Substring with Concatenation of All Words", "20.4%", "Hard"
"Sudoku Solver", "24.0%", "Hard"
"Sum of Two Integers", "51.6%", "Easy"
"Sum Root to Leaf Numbers", "31.9%", "Medium"
"Summary Ranges", "22.9%", "Easy"
"Super Pow", "30.1%", "", "Medium"
"Super Ugly Number", "31.7%", "Medium"
"Surrounded Regions", "15.7%", "Medium"
"Swap Nodes in Pairs", "34.3%", "Medium"
"Symmetric Tree", "33.2%", "Easy"
"Teemo Attacking", "51.6%", "Medium"
"Text Justification", "15.7%", "Hard"
"The Skyline Problem", "20.9%", "Hard"
"Top K Frequent Elements", "42.7%", "Medium"
"Trapping Rain Water", "31.5%", "Hard"
"Triangle", "29.3%", "Medium"
"Two Sum", "20.9%", "Medium"
"Ugly Number", "35.7%", "Easy"
"Ugly Number II", "26.3%", "Medium"
"Unique Binary Search Trees", "36.7%", "Medium"
"Unique Binary Search Trees II", "28.8%", "Medium"
"Unique Paths", "35.2%", "Medium"
"Unique Paths II", "28.9%", "Medium"
"Valid Anagram", "40.5%", "Easy"
"Valid Number", "11.9%", "Hard"
"Valid Palindrome", "23.2%", "Easy"
"Valid Parentheses", "28.4%", "Easy"
"Valid Perfect Square", "36.2%", "Medium"
"Valid Sudoku", "29.5%", "Easy"
"Validate Binary Search Tree", "20.6%", "Medium"
"Verify Preorder Serialization of a Binary Tree", "31.5%", "Medium"
"Water and Jug Problem", "21.2%", "Medium"
"Wiggle Sort II", "20.9%", "Medium"
"Wiggle Subsequence", "35.9%", "", "Medium"
"Wildcard Matching", "16.9%", "Hard"
"Word Break", "24.4%", "Medium"
"Word Break II", "19.1%", "Hard"
"Word Ladder", "19.6%", "Medium"
"Word Ladder II", "13.5%", "Hard"
"Word Pattern", "27.9%", "Easy"
"Word Search", "22.2%", "Medium"
"Word Search II", "18.1%", "Hard"
"ZigZag Conversion", "23.1%", "Easy"
